"o.wa.-","use administrative /commercial law"
"E:B:.b.-","at the left"
"b.a.-b.a.-f.o.-’","author"
"s.-A:.A:.-S:.A:.-’","concept: logical form"
"t.o.-s.o.-s.u.-’","future"
"x.t.-","deficiency in coordination | deficiency in resources management"
"n.j.-","sustainable transformation of language"
"d.i.-m.i.-t.u.-’","awarded | decorated"
"m.o.-m.o.-’","love"
"b.u.-","speech"
"e.o.-we.h.-’","establish norms & standards"
"o.h.-","choose an interpretation"
"d.a.-f.a.-f.o.-’","teacher"
"wo.s.-","brainstorm"
"c.b.-","language of exclusion or hate | discrimination based on prejudice"
"n.o.-k.o.-’","religion"
"d.u.-k.u.-’","temple"
"t.o.-d.o.-s.u.-’","relevant"
"M:O:.j.-","transformation in knowledge"
"s.-A:.A:.-B:.U:.-’","affect: tropism"
"b.e.-s.u.-’","visual culture"
"s.i.-b.i.-t.u.-’","multimedia"
"S:M:.","becoming of the sign"
"E:A:.wu.-","his | my (masculine) | your (masculine)"
"t.a.-k.a.-’","public service"
"d.a.-t.a.-’","savings"
"O:M:.k.-","undo society"
"y.wu.-","assume one’s personal identity"
"f.e.-n.i.-wa.e.-’","extreme sports"
"m.i.-t.i.-t.u.-’","secure | protected"
"l.e.-n.i.-wa.e.-’","tool design / design"
"E:S:.i.-","will do"
"n.o.-d.o.-’","evaluation"
"E:B:.s.-","in open (space)"
"y.a.-","learn"
"m.o.-f.o.-’","seduction"
"M:M:.a.-","social function"
"x.c.-","new acquisition"
"n.e.-b.a.-wa.e.-’","representing a group"
"f.o.-f.o.-s.u.-’","living"
"M:M:.U:M:.-","basis of human development into the virtual"
"wo.M:M:.-","cultivate experience variation"
"p.f.-","theft | unfair competition"
"u.i.-","lend"
"d.e.-k.i.-’","commercial transaction"
"f.i.-b.i.-t.u.-’","medicated"
"l.-S:.U:.-’","spatial north"
"t.i.-s.i.-’","vehicle"
"E:O:.T:M:.-","low | under | behind | after"
"E:A:.u.-","expressing"
"k.o.-l.o.-s.u.-’","instituted"
"d.i.-n.i.-’","steering device"
"o.S:.-","bring | carry"
"we.i.-","renew equipment"
"d.e.-d.i.-’","measurement"
"b.e.-l.u.-’","scientific comprehension"
"j.e.-","power recognition"
"E:B:B:.","usually | regularly"
"f.o.-t.o.-’","growth"
"d.o.-b.o.-s.u.-’","described"
"o.O:M:.-","perform on a basis of will"
"s.o.-m.o.-s.u.-’","comical | funny"
"s.o.-f.o.-s.u.-’","embodied"
"t.e.-f.u.-’","original music"
"E:M:.t.-","relative space beginning"
"g.k.-","lack of interest from the public | lack of interest for the medium"
"b.-S:.A:.-’","yellow"
"k.c.-","renewed social bond"
"O:O:.t.-","provide resources for action through time mastering"
"l.u.-f.u.-d.u.-’","tactile | kinesthetic"
"E:O:.l.-","low (relative to whole) | behind (relative to whole) | after (spatialized time)"
"E:A:U:.","quotation"
"E:O:B:.","comparative medium"
"E:A:.d.-","towards the back"
"s.u.-d.u.-’","legend"
"s.-O:.O:.-M:.O:.-’","Noetic levels and functions"
"u.M:M:.-","undermine the semiotic function"
"O:M:.x.-","work on the method / on the project"
"h.i.-","relevant interpretation of facts"
"p.s.-","lack of means | situation of need | poverty"
"i.U:.-","hit"
"t.i.-l.i.-’","city"
"E:U:.n.-","at half the height | at base level"
"k.a.-f.a.-’","meal"
"t.e.-t.u.-’","augmented cognition"
"m.a.-b.a.-’","game"
"we.A:.-","insulate / protect from contact"
"k.u.-t.u.-’","omen | divinatory sign"
"wu.x.-","assess the technical system"
"i.g.-","elaborate one’s discourse"
"s.a.-m.a.-’","marriage"
"e.o.-","design | plan"
"O:O:.B:.-","control physicochemical experience"
"wu.g.-","assess the communication mode in use"
"k.e.-b.a.-’","credibility"
"o.u.-","campaign"
"wo.b.-","augment linguistic resources"
"h.M:M:.-","spiritual obstacle"
"t.o.-f.o.-’","rhythm"
"E:M:.c.-","actual functional cause"
"E:B:.wo.-","you (singular)"
"s.-O:.O:.-B:.A:.-’","quantitative judgement"
"E:T:.c.-","state (of an abstract machine)"
"b.O:M:.-","language actualized"
"E:O:S:.","comparative minus"
"m.a.-m.a.-f.o.-’","familiar"
"E:B:S:.","rarely"
"e.B:.-","gather"
"k.i.-n.i.-’","workshop"
"m.y.-","emotional intelligence"
"n.a.-k.a.-f.o.-’","reformer"
"x.M:M:.-","technical obstacle"
"O:U:.","generate towards the virtual"
"s.a.-t.a.-’","data"
"i.x.-","work with matter"
"O:M:.i.-we.h.-’","improve collective intelligence by augmenting processes"
"c.s.-","fanaticism | ultraconservatism"
"t.e.-m.u.-’","dramatic representation"
"a.f.-","physically assault"
"O:O:.c.-","govern the community"
"E:E:M:.","case indicators for verb clauses"
"E:T:.t.-","outside"
"s.u.-k.u.-’","icon"
"m.u.-t.u.-d.u.-’","masked | concealed"
"t.o.-l.o.-s.u.-’","simultaneous"
"u.F:.-","to move oneself"
"d.wu.-","aesthetic constraint"
"E:T:.p.-","goal | for | purpose"
"E:B:.f.-","at the right of"
"y.n.-","ignore principles"
"d.i.-t.i.-t.u.-’","numbered | measured"
"x.p.-","sharing"
"k.u.-m.u.-’","stigmata"
"s.-O:.O:.-T:.U:.-’","material imagination"
"l.u.-k.u.-’","miracle"
"E:U:.wu.-","this (masculine)"
"E:S:O:.","hypothesis (if)"
"c.f.-","personal failure | personal defeat"
"f.o.-m.o.-’","passion"
"o.d.-","lie"
"b.y.-","formal intelligence"
"n.o.-n.o.-s.u.-’","human"
"i.O:M:.-we.h.-’","to improve collective intelligence through processes"
"y.e.-we.h.-’","propose solutions"
"t.o.-k.o.-s.u.-’","traditional"
"a.A:.-","excrete"
"k.u.-k.u.-’","divine"
"m.we.-","acceptance of constraints"
"l.j.-","influence network of an artistic work | influence network of a poetic work"
"b.i.-b.i.-t.u.-’","ubiquitous"
"m.h.-","coherence between speech and action"
"s.e.-d.u.-wa.e.-’","information search"
"b.e.-b.u.-wa.e.-’","interpreter | touristic guide"
"t.e.-b.u.-wa.e.-’","eloquence"
"M:O:.f.-","obstacle related to people"
"t.-T:.A:.-’","rainy season"
"b.o.-s.o.-’","interpretation"
"e.b.-","be incoherent"
"b.i.-k.i.-’","public place"
"M:M:.e.-","ability"
"k.u.-d.u.-’","aura"
"m.a.-f.a.-f.o.-’","helper"
"b.-B:.U:.-’","green"
"f.o.-k.o.-’","rite"
"O:M:.o.-","perform in will"
"f.a.-b.a.-f.o.-’","musician"
"d.-S:.U:.-’","hard | rigid"
"E:S:.e.-","will be able"
"f.o.-d.o.-’","attention"
"E:S:.O:O:.-","first person"
"e.O:M:.-","perform on a basis of capacities"
"O:O:.F:.-","control sensorimotor experience"
"f.we.-","leisure | entertainment | recreation"
"s.-T:.A:.-’","wet"
"wo.wu.-","get used"
"l.a.-t.a.-’","atlas"
"t.a.-d.a.-’","investment"
"p.b.-","bad reputation | rejection from the consumers"
"E:T:M:.","space distribution"
"m.u.-s.u.-d.u.-’","fantasized"
"s.a.-f.a.-’","psychotherapy"
"n.-T:.U:.-’","air | wind"
"t.o.-m.o.-’","hope"
"f.u.-n.u.-’","attribute"
"u.e.-","judge"
"k.a.-m.a.-’","fraternity"
"b.o.-l.o.-’","transmission"
"we.e.-","renew competences"
"n.a.-d.a.-f.o.-’","customer"
"f.o.-n.o.-s.u.-’","step | gait"
"t.o.-t.o.-’","change"
"s.i.-n.i.-’","cooling device"
"f.a.-b.a.-’","ï»¿ï»¿concert"
"b.o.-n.o.-’","poetry"
"we.M:M:.-","cultivate a sustainable equilibrium"
"e.T:.-","build | combine"
"s.i.-","interface"
"j.i.-","strategic thinking development"
"p.M:O:.-","transformation on ability basis"
"s.a.-d.a.-’","personal advice"
"s.-U:.U:.-T:.A:.-’","project: causes and effects"
"f.M:O:.-","personal connection of a creation-innovation cycle"
"b.o.-t.o.-s.u.-’","promised"
"E:O:.p.-","manner of definition (virtual)"
"k.u.-f.u.-’","sanctity | holiness"
"t.g.-","traditional theme | recurring theme"
"k.wu.-","community of taste"
"E:F:.U:O:.-","indifferent number"
"e.wo.-","exploit a talent / a gift"
"k.g.-","re-created public | re-created media community"
"f.e.-n.i.-’","survival"
"E:M:.p.-","virtual existential cause"
"g.o.-","assimilation of the unconscious by the ego"
"o.A:.-","send"
"O:O:.p.-","govern the relation to objectives"
"t.u.-b.u.-’","text"
"E:B:.O:M:.-","present tense"
"s.o.-n.o.-s.u.-’","ï»¿meditated"
"k.o.-d.o.-s.u.-’","honest"
"p.o.-","contemplation of the object of desire"
"wa.m.-","sublimate one’s emotions"
"h.m.-","inconsistency between speech and act"
"d.e.-b.i.-wa.e.-’","mastery of communication techniques"
"i.k.-","steal"
"E:U:.j.-","(by) contrast | but | and yet | on the contrary"
"M:U:.","virtual mutation"
"t.x.-","calendar of a project | budget of a project"
"d.u.-t.u.-d.u.-’","anchor"
"wo.f.-","experiment new bodily habits"
"e.s.-","neglect codes"
"wu.k.-","be sensitive to human relations"
"k.x.-","renewed project team"
"s.wo.-","strategy"
"E:B:O:.","belief"
"l.wo.-","freedom of thought"
"m.o.-b.o.-s.u.-’","expressed"
"wo.O:M:.-","identify key-points of working activity"
"j.O:O:.-","generative language change"
"k.a.-t.a.-’","administration | office"
"b.h.-","context reinterpretation"
"k.e.-f.a.-wa.e.-’","taking care of oneself"
"f.o.-m.o.-s.u.-’","joyful"
"m.u.-","symptom"
"f.o.-f.o.-’","body"
"n.o.-b.o.-’","style"
"a.j.-","assume one’s style"
"O:O:.O:O:.-","live"
"s.u.-b.u.-’","phrase"
"wu.A:.-","touch | recognize tactile forms"
"wu.M:M:.-","cultivate subtlety of perception"
"d.u.-","pointer"
"t.e.-d.u.-’","informational problem"
"o.p.-","choose a subject"
"d.a.-k.a.-’","inspection"
"M:M:.j.-","poetic creation-innovation cycle"
"p.wu.-","gain / loss of discernment"
"M:O:.M:M:.-","obstacle"
"m.i.-d.i.-t.u.-’","targeted"
"E:B:.j.-","mutation"
"a.o.-","follow"
"l.o.-b.o.-s.u.-’","composed"
"t.a.-t.a.-’","foundation"
"k.y.-","relational intelligence"
"n.u.-s.u.-’","overall form | overall structure"
"M:M:.-T:.U:.-’","abstract zenith"
"u.wo.-","publish / exhibit an original work"
"wo.k.-","plant the seeds of social change"
"m.u.-m.u.-d.u.-’","other"
"n.-B:.A:.-’","metal"
"s.i.-s.i.-’","switch"
"f.-T:.U:.-’","spicy"
"m.i.-s.i.-t.u.-’","trapped"
"M:M:.wu.-","aesthetic sources of meaning"
"t.e.-k.u.-’","original symbol"
"d.i.-l.i.-t.u.-’","address | indicator"
"u.T:.-","to walk | to travel on land"
"M:O:.b.-","obstacle in language"
"m.-T:.A:.-’","sadness"
"we.we.-","die"
"x.wa.-","new vehicle | new tool"
"s.a.-k.a.-f.o.-’","politician"
"O:M:.O:M:.-","perform"
"m.u.-k.u.-d.u.-’","sacrificed"
"t.O:O:.-","sources of meaning in memory"
"n.a.-","judge"
"x.k.-","lack of human resources"
"s.h.-","cultural project | cultural dimension of a creation-innovation project"
"M:M:.a.-M:M:.a.-’","social functions"
"O:O:.wo.-","sprout"
"E:S:.a.-","will commit"
"y.i.-","explicate | formalize"
"f.a.-k.a.-’","welcome | hospitality"
"E:T:.wo.-","it"
"b.u.-b.u.-d.u.-’","significant"
"s.i.-l.i.-’","articulation | joint"
"p.O:O:.-","generative object change"
"m.wa.-","audacity"
"E:T:A:.","by experience | from the facts"
"n.i.-d.i.-t.u.-’","quick"
"O:O:.y.-","work on knowledge"
"s.u.-m.u.-’","dream"
"O:M:.c.-","work on oneself"
"f.wa.-","physical activity"
"h.O:M:.-","actualizing semantic process (virtual)"
"n.wo.-","spiritual exercise"
"t.a.-m.a.-’","ancestry"
"d.i.-n.i.-t.u.-’","steered"
"M:O:.s.-","initial obstacle"
"k.-T:.A:.-’","heavy"
"O:O:.T:.-","control motor experience"
"l.e.-","engineering competence (rhetoric)"
"f.i.-s.i.-’","prosthesis"
"l.o.-s.o.-s.u.-’","explored"
"i.wu.-","equip a territory / a collectivity"
"p.n.-","lack of economic initiative"
"f.a.-k.a.-f.o.-’","host"
"we.a.-","renew commitments"
"m.c.-","respect of people"
"b.o.-l.o.-s.u.-’","transmitted"
"E:F:.M:M:.-","where | place"
"y.o.-we.h.-’","define problems"
"wu.p.-","measure the distance to the objectives"
"O:M:.p.-","work on the subject"
"wa.wu.-","eat | rest | entertain"
"e.x.-","make tools one’s own"
"f.e.-l.i.-’","fight"
"l.i.-n.i.-’","cutting tool | piercing tool"
"E:A:.M:O:.-","positive manner"
"s.u.-","image"
"h.a.-","adherence to the values of the community"
"n.i.-b.i.-t.u.-’","lighted"
"s.u.-f.u.-’","perception"
"c.O:O:.-","generative personal change"
"g.c.-","vow renewal | promise renewal"
"O:O:.M:O:.-","govern"
"k.e.-m.a.-wa.e.-’","friendship with oneself"
"l.e.-t.i.-wa.e.-’","vehicle design"
"E:O:.d.-","low (direction) | behind (direction)"
"E:A:M:.","quantity variation"
"O:M:.M:.-","provoke a physical change"
"E:A:.l.-","after"
"k.i.-b.i.-t.u.-’","software"
"E:T:.O:M:.-","past tense"
"j.wa.-","change of justifications"
"l.i.-f.i.-t.u.-’","powerful | agile"
"u.d.-","lack precision"
"O:O:.l.-","provide resources for action through spatial extension"
"s.e.-k.u.-wa.e.-’","reading | writing"
"f.e.-t.i.-wa.e.-’","driving"
"wa.i.-","use equipment"
"E:U:.f.-","under"
"d.u.-f.u.-d.u.-’","present"
"m.o.-k.o.-’","compassion"
"j.n.-","clichÃ© | platitude"
"l.a.-m.a.-’","alliance"
"d.i.-","measuring instrument"
"wu.wo.-","be a child"
"E:T:.k.-","by (itinerary | vehicle)"
"M:M:.o.-M:M:.o.-s.u.-’","anthropological qualities"
"l.a.-f.a.-’","natural environment"
"n.i.-s.i.-t.u.-’","in motion"
"b.wu.-","aesthetic encounter"
"d.i.-s.i.-’","integrated circuit"
"c.k.-","sclerosis of the bond"
"m.e.-d.a.-wa.e.-’","truth seeking"
"E:S:T:.","always"
"E:M:.k.-","structural intermediary"
"d.i.-l.i.-’","place | site"
"s.-A:.U:.-B:.U:.-’","performance: choice"
"O:M:.","act"
"m.e.-b.a.-wa.e.-’","speaking wisely"
"n.a.-b.a.-’","news"
"d.a.-d.a.-’","invention"
"wu.T:.-","recognize shapes of movement / forms of manipulation"
"g.t.-","inappropriate expression | untimely expression"
"n.u.-l.u.-’","trail"
"f.e.-","sensorimotor ability (dialectic)"
"m.o.-d.o.-’","sincerity"
"k.o.-s.o.-s.u.-’","governed"
"i.p.-","construct one’s subject"
"t.we.-","regularity | recurrence | repetition"
"e.g.-","make a discourse one’s own"
"k.e.-n.a.-’","ethics"
"E:M:O:.","inference mode"
"s.o.-l.o.-s.u.-’","proportioned"
"a.s.-","interpret literally"
"E:O:.O:M:.-","diathesis | grammatical voice"
"M:M:.-T:.A:.-’","abstract nadir"
"E:B:.n.-","near"
"d.a.-m.a.-f.o.-’","child"
"k.u.-b.u.-’","revelation"
"wo.o.-","establish principles"
"c.wa.-","alliance / partnership shift"
"n.a.-t.a.-f.o.-’","lawyer"
"o.l.-","provoke chaos / confusion"
"E:B:T:.","often"
"M:M:.O:O:.-","resources of meaning"
"b.i.-b.i.-’","cyberspace"
"t.-S:.U:.-’","winter"
"l.e.-f.i.-wa.e.-’","biotechnology"
"f.e.-f.i.-wa.e.-’","athletics"
"d.a.-l.a.-f.o.-’","intelligence agent"
"m.a.-s.a.-f.o.-’","mediator"
"O:M:.wo.-","gain in creative power"
"we.wa.-","make love | conceive"
"m.p.-","rendered service"
"we.n.-","accept the judgement of peers"
"wa.M:O:.-","improve frameworks"
"x.g.-","debt transformation"
"O:M:.g.-","work on the discourse"
"k.u.-n.u.-d.u.-’","tribal"
"wo.U:.-","control sound"
"x.we.-","mutation of natural environment"
"m.a.-t.a.-f.o.-’","notary"
"y.e.-","analyze"
"k.o.-t.o.-s.u.-’","past"
"l.a.-","guardian"
"d.e.-d.i.-wa.e.-’","control | measure"
"l.a.-b.a.-’","reputation"
"d.i.-b.i.-’","computer"
"O:O:.u.-","work on communication"
"M:O:.o.-","condition of will"
"f.i.-k.i.-t.u.-’","edible | drinkable"
"we.S:.-","hide | protect from sight"
"p.j.-","new synthesis"
"M:O:.wu.-","perception mutation"
"d.a.-n.a.-f.o.-’","witness"
"f.u.-b.u.-d.u.-’","accentuated"
"x.x.-","production mutation"
"E:U:.s.-","up | towards the top"
"t.i.-n.i.-t.u.-’","heated"
"u.m.-","manipulate emotions"
"O:M:.y.-we.h.-’","improve collective intelligence by augmenting knowledge"
"E:A:.y.-","knowing"
"l.u.-b.u.-’","transcription"
"n.u.-b.u.-’","proposition | assertion"
"i.c.-","come to term with one’s obstacles"
"d.u.-d.u.-d.u.-’","salient"
"i.M:O:.-","achieve / improve one’s production"
"E:M:B:.","distributive medium"
"y.u.-we.h.-’","record a work of the mind"
"t.o.-","right time"
"O:M:.t.-","act off the beat"
"l.e.-b.i.-’","virtual world"
"h.e.-","conquest of legitimacy"
"b.o.-m.o.-s.u.-’","beautiful"
"l.u.-n.u.-d.u.-’","happening | occuring"
"y.O:M:.-","perform on a basis of knowledge"
"u.B:.-","swim | travel on water"
"g.g.-","discourse mutation"
"E:S:.n.-","travel | route"
"E:U:.b.-","onto"
"m.u.-b.u.-’","spell"
"E:O:.h.-","manner of tropism (virtual)"
"E:A:.h.-","seeking | heading towards"
"m.-M:.O:.-’","emotion"
"E:M:.x.-","actual existential cause"
"s.-O:.O:.-S:.O:.-’","reason"
"j.we.-","cultural adaptation / transfer"
"j.a.-","learning of the community’s language"
"E:U:.M:M:.-","vertical axis"
"k.e.-s.a.-wa.e.-’","understanding oneself"
"d.o.-k.o.-s.u.-’","sure"
"n.u.-k.u.-d.u.-’","excellent"
"M:M:.-M:.O:.-’","six abstract directions"
"O:O:.h.-","govern the meaning of the enterprise"
"l.u.-m.u.-d.u.-’","usual"
"m.e.-n.a.-’","chosen person"
"wu.t.-","understand causes"
"s.o.-s.o.-’","mind"
"E:U:T:.","better"
"wa.e.-","master competences"
"e.k.-","be carried away by one’s passions"
"wu.c.-","assess the community"
"n.a.-s.a.-f.o.-’","adult"
"s.-S:.U:.-’","cold"
"E:T:.g.-","matter"
"o.y.-","choose"
"l.-T:.A:.-’","spatial nadir"
"M:M:.","becoming"
"b.o.-n.o.-s.u.-’","poetical"
"s.u.-t.u.-’","ideogram"
"n.-M:.O:.-’","element"
"n.e.-n.a.-’","moral refinement"
"k.a.-b.a.-f.o.-’","spectator"
"s.u.-b.u.-d.u.-’","enunciated"
"f.i.-","organ"
"m.O:O:.-","sources of meaning in affective relation"
"k.p.-","renewed economic partnership"
"E:O:O:.","logical construction"
"E:M:.g.-","actual formal cause"
"E:E:A:.","genitive (of)"
"c.o.-","acceptance of prohibition | renunciation"
"i.t.-","break | smash"
"E:F:.we.-","feminine gender"
"g.x.-","credit transformation"
"t.wa.-","chance | unexpected events | serendipity"
"s.M:O:.-","creation-innovation cycle project"
"a.b.-","interrupt transmission"
"d.u.-d.u.-’","signal"
"E:M:S:.","distributive minus"
"E:T:.x.-","mean"
"m.u.-l.u.-d.u.-’","remembered"
"e.y.-we.h.-’","provide tools for research"
"e.n.-","blindly conform"
"f.i.-f.i.-’","organism"
"l.o.-d.o.-’","orientation"
"o.x.-","find one’s bearings in the steps of work"
"O:M:.F:.-","move | accomplish a physical action"
"wo.c.-","think about possible communities"
"E:S:.h.-","operator"
"E:O:T:.","comparative plus"
"n.a.-m.a.-f.o.-’","father"
"m.a.-k.a.-f.o.-’","neighbor"
"t.e.-k.u.-wa.e.-’","symbol creation"
"f.a.-t.a.-’","insurance"
"b.i.-n.i.-’","musical instrument"
"E:M:.S:O:.-","formal cause | formal role"
"p.e.-","familiarization with the domain of competence"
"a.T:.-","eat"
"s.e.-d.u.-’","obtained information"
"E:A:.we.-","her | my (feminine) | your (feminine)"
"m.u.-n.u.-d.u.-’","subjective"
"n.-S:.U:.-’","earth"
"m.u.-s.u.-’","fantasy"
"d.p.-","economic intelligence"
"f.o.-s.o.-s.u.-’","surreal | mythical"
"k.o.-f.o.-’","collaboration"
"O:O:.b.-","provide resources for action through language-games"
"s.e.-s.u.-wa.e.-’","drawing | painting"
"f.u.-k.u.-d.u.-’","glimpsed"
"E:B:.a.-","commit (now)"
"we.j.-","maintain a unifying symbolic system"
"M:O:.wa.-","action mutation"
"a.wo.-","create a scientific work | an artistic work"
"b.u.-s.u.-’","metaphor | similarity"
"E:F:.A:O:.-","neutral gender"
"b.a.-f.a.-’","care"
"f.i.-s.i.-t.u.-’","assisted"
"n.i.-","fire | technical transformation"
"x.s.-","design flaw"
"E:B:.M:O:.-","interactive cause"
"wu.B:.-","smell | taste | recognize chemical forms"
"o.g.-","choose one’s discourse"
"y.we.-","assume a family tradition / identity"
"s.wa.-","tactic"
"c.a.-","personal identification to the community"
"t.a.-n.a.-f.o.-’","legislator"
"O:M:.o.-we.h.-’","improve collective intelligence by augmenting governance"
"wo.t.-","remember"
"i.u.-we.h.-’","speak out"
"s.p.-","economic project | economic dimension of a creation-innovation project"
"t.u.-t.u.-’","number"
"E:S:.y.-","will know"
"g.j.-","new response"
"m.e.-l.a.-wa.e.-’","abiding by law"
"t.u.-b.u.-d.u.-’","written"
"f.e.-b.i.-wa.e.-’","dancing"
"E:O:.k.-","middle (direction) | center (direction)"
"t.-T:.U:.-’","dry season"
"n.u.-l.u.-d.u.-’","retraced"
"h.h.-","ethical mutation"
"n.a.-s.a.-’","majority"
"j.d.-","double talk | mimicry | parroting"
"E:U:.o.-","wanted"
"u.y.-","respond"
"wu.u.-","reorient oneself into communication modes"
"i.f.-","be sick / injured"
"wu.h.-","assess the interpretation mode"
"e.A:.-","push"
"O:M:.h.-","work on the interpretation"
"l.i.-b.i.-’","simulation"
"b.a.-t.a.-’","accounts"
"t.a.-n.a.-’","law"
"l.a.-m.a.-f.o.-’","ally"
"g.M:O:.-","transformation on expressive basis"
"d.-B:.U:.-’","rough"
"E:M:.d.-","structural termination"
"u.wu.-","express oneself in the media"
"y.d.-","ignore facts"
"wa.U:.-","broadcast / display voice & sound"
"E:T:.b.-","(passage) out of"
"s.-A:.U:.-T:.U:.-’","project: strategy"
"j.u.-","invention / generation of ideas"
"m.a.-m.a.-’","family"
"d.u.-k.u.-d.u.-’","erect"
"x.f.-","non repaired breakdown | inefficiency"
"o.wo.-","use intellectual property law"
"s.e.-b.u.-wa.e.-’","mastering a second language"
"h.y.-","attendance to a learning institution / a school"
"s.-B:.U:.-’","growing | increasing | waxing"
"f.O:O:.-","sources of meaning in the body"
"O:T:.","act according to thing"
"b.c.-","ability to gather people"
"f.i.-n.i.-’","weapon"
"s.e.-s.u.-’","drawing | painting"
"k.a.-k.a.-f.o.-’","citizen"
"f.u.-d.u.-’","exclamation"
"t.M:O:.-","inscription in time of a creation-innovation cycle"
"u.l.-","soil"
"n.e.-k.a.-wa.e.-’","leading by example"
"y.i.-we.h.-’","transfer knowledge in the practical field"
"a.e.-","offer | supply"
"E:A:.t.-","before"
"f.e.-k.i.-’","team spirit"
"wa.a.-","cultivate one’s character"
"E:B:.e.-","can (now)"
"k.o.-t.o.-’","history"
"k.o.-n.o.-’","justice"
"s.-S:.A:.-’","hot"
"k.e.-k.a.-wa.e.-’","following a discipline"
"E:T:.s.-","from"
"g.wu.-","gestalt switch"
"k.e.-t.a.-’","personal memory"
"d.o.-s.o.-s.u.-’","reasonable"
"i.T:.-","run"
"d.a.-d.a.-f.o.-’","inventor"
"y.O:O:.-","assume an identity"
"o.T:.-","keep"
"f.i.-d.i.-t.u.-’","detected | sensed"
"s.i.-k.i.-t.u.-’","harvested"
"b.a.-s.a.-f.o.-’","reader"
"i.O:O:.-","equip"
"O:O:.s.-","provide resources for action through intellectual openness"
"f.o.-d.o.-s.u.-’","focal"
"m.u.-k.u.-’","sacrifice"
"f.a.-f.a.-’","growing | farming"
"M:O:.m.-","affective / ethical obstacle"
"d.o.-m.o.-’","intuition"
"E:A:.c.-","pro | for | support"
"O:M:.y.-","perform in knowledge"
"d.o.-s.o.-’","reasoning"
"t.u.-f.u.-’","melody"
"t.u.-l.u.-’","photograph"
"n.o.-t.o.-s.u.-’","in progress"
"l.e.-f.i.-’","modified bioevolution"
"b.u.-k.u.-’","prayer"
"k.wa.-","community of action"
"f.a.-l.a.-’","disaster"
"o.t.-","be late | procrastinate"
"O:M:.M:O:.-","create a work of the mind"
"f.u.-s.u.-d.u.-’","imagined"
"m.o.-k.o.-s.u.-’","benevolent"
"l.e.-t.i.-’","transport system"
"n.o.-m.o.-s.u.-’","confident"
"f.-T:.A:.-’","bland"
"i.wo.-","equip scientific / artistic activity"
"e.u.-we.h.-’","provide tools for information search"
"wo.g.-","reflect on other communication modes"
"f.p.-","commercial relationship | commercial contact"
"M:O:.A:M:.-","condition of actual activity"
"E:S:.d.-","(at the) end"
"s.-U:.A:.-B:.A:.-’","affect: weight"
"s.-O:.O:.-S:.A:.-’","existential reason"
"f.o.-k.o.-s.u.-’","ritual"
"m.x.-","atmosphere of collaboration"
"p.a.-","contemplation of the community"
"wa.F:.-","display sensorimotricity"
"e.S:.-","disperse"
"M:M:.-B:.A:.-’","abstract west"
"f.e.-l.i.-wa.e.-’","martial arts"
"a.M:M:.-","undermine the social function"
"d.i.-s.i.-t.u.-’","electronics | photonics"
"f.u.-s.u.-’","mental image"
"t.u.-f.u.-d.u.-’","sequential"
"we.f.-","satisfy one’s primary needs"
"m.i.-f.i.-’","skin"
"t.u.-t.u.-d.u.-’","quantity"
"m.wu.-","taste for life"
"n.e.-","leadership (rhetoric)"
"b.i.-n.i.-t.u.-’","virtuoso"
"y.m.-","ignore emotions"
"a.B:.-","drink"
"x.o.-","enjoyment"
"n.i.-m.i.-’","paid work"
"j.h.-","priority change"
"d.c.-","authenticity"
"a.O:M:.-","perform on a social basis"
"c.e.-","seizure of power"
"o.c.-","orient one’s personal path"
"b.a.-l.a.-’","transportation"
"t.j.-","artistic reference | artistic tradition"
"f.e.-s.i.-wa.e.-’","body-mind disciplines"
"E:F:U:.","logical possibility (may)"
"wo.x.-","ponder possible techniques"
"g.n.-","inertia of mindsets"
"n.e.-m.a.-’","mutual understanding | harmony"
"E:S:.u.-","will express"
"E:M:.m.-","dynamic intermediary"
"b.e.-n.u.-wa.e.-’","literary erudition"
"l.i.-","knot | technical connection"
"E:O:.B:M:.-","core | centre | during"
"d.e.-n.i.-’","industry"
"wu.y.-","question accepted knowledge"
"e.a.-","demand"
"m.g.-","empathy with the public"
"h.l.-","fundamentalism | xenophobia"
"s.o.-f.o.-’","embodiment"
"e.i.-we.h.-’","draw investments | stimulate investments"
"E:U:.k.-","horizontal direction | same height"
"i.j.-","refine one’s language"
"u.u.-","to communicate"
"b.u.-k.u.-d.u.-’","asked for"
"t.u.-d.u.-’","index"
"M:T:.","becoming in the thing"
"d.o.-k.o.-’","security"
"k.i.-d.i.-’","market"
"O:M:.l.-","neglect space"
"f.a.-n.a.-’","social protection"
"wu.l.-","extend one’s overall view"
"a.a.-we.h.-’","create trust"
"b.i.-f.i.-’","circulatory system | repiratory system"
"U:M:.F:.-","move objectively"
"t.-M:.O:.-’","season"
"s.y.-","organized knowledge"
"b.o.-b.o.-’","negation"
"j.y.-","formulation of a hypothesis / a conceptual framework"
"E:M:.M:O:.-","why (reason | cause | role)"
"k.e.-f.a.-’","physical autonomy"
"x.b.-","isolation | lack of common language | lack of communication tools"
"k.O:M:.-","society actualized"
"B:O:.O:M:.-","condition of activity in being"
"E:F:.o.-","optative mood"
"b.g.-","content of the message | substance of the message"
"E:A:.p.-","definite | the"
"s.e.-l.u.-wa.e.-’","reading natural signs"
"u.h.-","state the meaning"
"b.i.-t.i.-’","media library"
"E:A:A:.","affirmation"
"k.o.-l.o.-’","institution"
"l.o.-s.o.-’","exploration"
"l.u.-t.u.-d.u.-’","qualitative"
"l.i.-s.i.-t.u.-’","open"
"d.o.-d.o.-s.u.-’","examined"
"k.e.-d.a.-’","facts from observation"
"a.i.-","sell"
"t.o.-n.o.-s.u.-’","date"
"l.-B:.U:.-’","spatial east"
"e.a.-we.h.-’","enrich the community"
"E:T:.o.-","would"
"E:B:.i.-","do (now)"
"m.-B:.A:.-’","anger"
"d.a.-s.a.-f.o.-’","student"
"s.u.-n.u.-’","common name"
"b.x.-","collaborative environment"
"wo.F:.-","modulate phenomena"
"O:O:.wu.-","produce fruit"
"k.a.-s.a.-f.o.-’","diplomat"
"l.u.-m.u.-’","habit"
"O:M:.O:M:.-we.h.-’","improve collective intelligence"
"k.we.-","residential community"
"M:O:.i.-","condition of efficiency"
"b.o.-s.o.-s.u.-’","interpreted"
"m.u.-t.u.-’","mask"
"O:O:.o.-","work on principles"
"E:T:.O:O:.-","third person"
"t.i.-b.i.-’","document"
"s.o.-t.o.-’","creation"
"b.-S:.U:.-’","blue"
"wa.n.-","cultivate one’s motivation"
"f.a.-d.a.-f.o.-’","technician"
"E:S:.wu.-","I (masculine) | me (masculine) | us (masculine)"
"M:O:.O:M:.-","condition of activity"
"s.g.-","communication project | communication dimension of a creation-innovation project"
"o.B:.-","catch | grasp"
"s.e.-m.u.-wa.e.-’","play the comedy"
"d.h.-","cultural refinement"
"d.e.-s.i.-wa.e.-’","pratical ingenuity"
"d.u.-m.u.-’","physical reaction"
"E:U:.x.-","without"
"i.F:.-","perform a physical movement energetically"
"E:M:.T:M:.-","termination"
"t.e.-","ability to convince (rhetoric)"
"s.u.-l.u.-d.u.-’","obscure"
"p.we.-","irreversible consequence"
"c.j.-","transformation in teaching"
"t.o.-t.o.-s.u.-’","in transition | temporal"
"t.u.-n.u.-d.u.-’","unique"
"E:U:.O:O:.-","demonstrative | index"
"E:E:B:.","dativeÂ | beneficiary (to)"
"we.wu.-","give birth"
"k.u.-n.u.-’","totem"
"f.e.-t.i.-’","safe driving"
"d.u.-b.u.-’","warning"
"b.u.-s.u.-d.u.-’","similar"
"p.m.-","exploitation"
"M:M:.we.-","sources of meaning in sustainability"
"s.e.-m.u.-’","actor’s play"
"we.b.-","cultivate the information system"
"e.f.-","neglect the body"
"l.o.-m.o.-’","liberty"
"u.i.-we.h.-’","invite someone to address | listen"
"wu.m.-","express one’s emotions"
"t.e.-l.u.-wa.e.-’","scientific research"
"E:B:.wu.-","you (masculine)"
"l.O:O:.-","sources of meaning in liberty / in responsibility"
"wo.l.-","make room | reorganize"
"s.x.-","technical project | technical dimension of a creation-innovation project"
"t.i.-t.i.-t.u.-’","recorded"
"d.O:M:.-","truth actualized"
"wo.B:.-","control taste / smell | cook | brew | lead chemical processes"
"g.b.-","transmission error"
"b.u.-m.u.-’","voice"
"o.o.-","aim at an objective"
"l.o.-b.o.-’","composition"
"b.i.-f.i.-t.u.-’","distributed"
"f.u.-b.u.-’","accent"
"l.a.-n.a.-’","defense"
"d.e.-t.i.-’","well-maintained material"
"k.i.-k.i.-t.u.-’","economic"
"E:O:.c.-","manner of choice (actual)"
"M:M:.o.-M:M:.o.-’","anthropological functions"
"n.u.-d.u.-’","tag"
"s.-O:.O:.-T:.O:.-’","imagination"
"s.-U:.A:.-T:.U:.-’","percept: background"
"d.u.-s.u.-d.u.-’","mapped"
"E:E:S:.","nominative | subject-verb relation"
"m.e.-k.a.-wa.e.-’","collaborative attitude"
"n.o.-m.o.-’","faith"
"l.u.-","trace"
"E:U:.g.-","other | different"
"m.M:O:.-","affective & ethical reverberations of a creation-innovation cycle"
"j.m.-","banality | unfelt expression"
"x.n.-","obsolescence | wear"
"y.l.-","ignore limits"
"u.U:.-","come"
"j.M:O:.-","transformation on knowledge basis"
"E:T:.j.-","structure"
"l.o.-m.o.-s.u.-’","free"
"E:O:.t.-","top (relative to whole) | front (relative to whole) | before (spatialized time)"
"E:M:.l.-","relative space termination"
"E:S:U:.","possibility"
"E:T:B:.","somewhere"
"s.o.-k.o.-’","collective intelligence"
"u.O:M:.-","perform on an expressive basis"
"b.o.-f.o.-s.u.-’","courageous"
"wo.y.-","find one’s bearings in knowledge"
"n.a.-n.a.-’","spiritual community"
"l.u.-d.u.-’","sample"
"A:O:.","generate from the actual"
"s.-A:.A:.-M:.O:.-’","ideas level"
"s.-U:.U:.-B:.U:.-’","performance: relevance"
"g.s.-","noise"
"B:M:.","becoming of the being"
"t.a.-b.a.-’","editing | publishing"
"i.o.-","obtain / get (a position)"
"m.e.-f.a.-wa.e.-’","to provide welfare"
"l.o.-k.o.-s.u.-’","territorial"
"E:M:.B:O:.-","functional cause | functional role"
"f.e.-m.i.-wa.e.-’","subtlety of the senses"
"u.t.-","counterfeit | forge"
"u.o.-we.h.-’","Summarize for governance"
"k.i.-s.i.-t.u.-’","to be recycled"
"E:B:.m.-","medium between left & right"
"s.-U:.A:.-M:.O:.-’","objects level"
"y.A:.-","unfold | unwrap"
"a.n.-","corrupt"
"a.F:.-","perform a metabolic function"
"d.-T:.A:.-’","viscous | slimy"
"f.u.-","sensation"
"b.i.-d.i.-t.u.-’","displayed"
"b.o.-k.o.-’","communication"
"k.o.-m.o.-s.u.-’","friendly"
"b.we.-","media climate"
"we.s.-","cultivate intellectual equilibrium"
"h.we.-","situation reframing"
"k.i.-m.i.-t.u.-’","play symbol"
"E:A:.k.-","towards the core | towards the center"
"s.a.-t.a.-f.o.-’","computer scientist"
"e.wa.-","possess an economic good / a capital"
"c.wo.-","personal maturation"
"E:T:S:.","nowhere"
"O:O:.k.-","provide resources for action through generosity"
"u.c.-","commit oneself to change"
"l.i.-k.i.-t.u.-’","real-estate | land"
"M:O:.e.-","condition of power"
"m.-S:.A:.-’","surprise | wonder"
"(O:+M:)(O:+M:).","Symbolic functions"
"d.e.-n.i.-wa.e.-’","mastery of production"
"d.y.-","knowledge of facts"
"o.u.-we.h.-’","filter information"
"wa.j.-","improve symbolic systems"
"s.i.-t.i.-’","filter"
"m.i.-k.i.-t.u.-’","playful"
"n.i.-m.i.-t.u.-’","added value"
"e.j.-","master a medium"
"d.i.-f.i.-t.u.-’","perceived"
"b.o.-b.o.-s.u.-’","opposite"
"b.e.-t.u.-wa.e.-’","logic | programming"
"s.c.-","political project | political dimension of a creation-innovation project"
"M:M:.wa.-","practical sources of meaning"
"l.i.-s.i.-’","opening | door | window"
"f.e.-f.i.-’","physical performance"
"t.a.-s.a.-’","translation"
"f.-S:.U:.-’","salty"
"wu.O:O:.-","going through the age cycle"
"wa.O:O:.-","going through the daily cycle"
"S:O:.O:M:.-","condition of activity in sign"
"t.a.-","scribe"
"E:F:.O:O:.-","pronoun"
"E:O:.M:M:.-","where | place according to axial orientation (adverb | preposition | conjunction)"
"T:O:.","thing in mutation"
"p.i.-","modeling | rehearsal"
"c.n.-","political stagnation"
"k.e.-l.a.-’","personal security | personal safety"
"f.h.-","fruitful encounter"
"e.M:M:.-","lack ability"
"M:O:.n.-","obstacle in vitality deficiency"
"f.a.-s.a.-f.o.-’","consultant"
"E:U:.t.-","at the top | at the head"
"k.e.-l.a.-wa.e.-’","self-protection"
"E:M:T:.","distributive plus"
"f.o.-b.o.-’","gesture | blow"
"y.u.-","interrogate"
"i.b.-","cut off communication"
"M:M:.M:O:.-","creation-innovation cycle"
"o.o.-we.h.-’","deepen the vision"
"d.u.-m.u.-d.u.-’","reflex"
"h.d.-","cultural coarseness | cultural poorness"
"b.o.-d.o.-s.u.-’","clear"
"U:M:.","act virtually"
"s.we.-","concern for the environment"
"k.i.-l.i.-’","house | building"
"x.wu.-","new instrument of observation"
"E:B:U:.","credibility"
"S:M:.e.-M:M:.u.-’  +  B:M:.e.-M:M:.a.-’  +  T:M:.e.-M:M:.i.-’","accomplishments"
"o.k.-","break social bonds"
"n.i.-s.i.-’","engine"
"wo.p.-","redefine objectives"
"s.O:O:.-","sources of meaning in thought"
"s.-A:.A:.-B:.A:.-’","affect: intensity"
"l.e.-k.i.-’","prosperity"
"n.u.-t.u.-d.u.-’","emblematic"
"E:S:.m.-","flux | stream"
"g.f.-","censorship | message betrayal"
"k.a.-d.a.-’","sale"
"E:U:.c.-","anti | against"
"t.wo.-","bringing together"
"y.wa.-","assume a corporate identity"
"d.i.-k.i.-’","money"
"t.o.-d.o.-’","relevance"
"E:O:.g.-","manner of identity (actual)"
"s.a.-l.a.-’","innovation"
"o.O:M:.-we.h.-’","improve collective intelligence through orientation"
"n.e.-s.a.-’","collective approach"
"l.a.-k.a.-’","army"
"E:T:.M:M:.-","in-out orientation"
"E:E:O:.","case indicators for noun clauses"
"m.o.-","emotional involvement"
"M:O:.we.-","reconstitution mutation"
"b.a.-f.a.-f.o.-’","nurse | caregiver"
"t.a.-t.a.-f.o.-’","founder"
"o.F:.-","manipulate valuable objects"
"j.wu.-","new perception grid"
"x.O:M:.-","actualizing material process (actual)"
"x.j.-","computation evolution"
"wu.d.-","to observe"
"m.o.-t.o.-’","loyalty"
"f.o.-s.o.-’","imaginary"
"E:T:.f.-","into (an entrance)"
"t.i.-m.i.-’","treasure"
"m.i.-l.i.-’","textile | clothing"
"y.h.-","examine possible meanings"
"i.B:.-","jump"
"O:M:.U:.-","move centripetally"
"k.o.-","desire for social bond"
"k.o.-k.o.-s.u.-’","peaceful"
"f.i.-k.i.-’","food | drink"
"n.O:M:.-","world actualized"
"l.i.-m.i.-t.u.-’","furnished"
"b.O:O:.-","sources of meaning in communication"
"E:O:.x.-","manner of presence (actual)"
"s.-U:.U:.-S:.U:.-’","enunciation: meaning"
"l.e.-n.i.-’","tool | machine"
"b.-T:.A:.-’","black"
"E:M:.h.-","virtual functional cause"
"O:M:.d.-","neglect exactitude"
"m.e.-l.a.-’","power of the law"
"O:O:.x.-","govern the technical system"
"n.a.-k.a.-’","reform"
"wa.B:.-","display / broadcast smell & taste"
"y.M:M:.-","obscure intelligence"
"d.a.-b.a.-f.o.-’","producer"
"s.o.-t.o.-s.u.-’","created"
"k.-S:.A:.-’","luminous"
"d.e.-f.i.-’","operation on the body"
"u.p.-","explain one’s subject"
"a.y.-we.h.-’","Invest in research"
"y.S:.-","sort | differentiate"
"i.s.-","block interfaces"
"b.a.-d.a.-f.o.-’","advertiser"
"f.u.-m.u.-’","tear"
"m.i.-m.i.-t.u.-’","fetishized"
"E:A:.O:O:.-","possessive"
"E:A:.x.-","with"
"y.y.-","master a knowledge field"
"A:M:.F:.-","move subjectively"
"a.a.-","contract"
"h.u.-","clarifying the meaning of the message"
"d.a.-f.a.-’","lesson"
"E:F:.wu.-","masculine gender"
"d.i.-d.i.-t.u.-’","quantified"
"o.M:M:.-","dim human existence"
"f.y.-","body intelligence"
"l.a.-k.a.-f.o.-’","officer"
"M:M:.o.-","value"
"t.u.-l.u.-d.u.-’","photographed"
"O:O:.U:.-","control auditory experience"
"n.i.-k.i.-t.u.-’","for sale"
"O:M:.u.-","perform in expression"
"n.i.-b.i.-’","lighting"
"f.wo.-","intellectual gymnastics"
"f.-B:.U:.-’","sour | acidic"
"wu.F:.-","feel / recognize shapes"
"b.p.-","consumers’ conversations about the product or the service"
"o.i.-we.h.-’","orient production"
"m.u.-n.u.-’","subject"
"s.o.-n.o.-’","meditation"
"b.e.-d.u.-wa.e.-’","documentation"
"M:O:.U:M:.-","condition of virtual activity"
"m.a.-d.a.-’","partnership"
"E:A:.g.-","same | like | as"
"c.M:O:.-","transformation on social basis"
"e.we.-","control birth"
"s.u.-n.u.-d.u.-’","conceptual"
"M:O:.a.-","condition of social integration"
"O:O:.g.-","govern the communication"
"b.u.-b.u.-’","hypertext"
"we.o.-","update principles"
"h.wa.-","situation reversal"
"k.a.-m.a.-f.o.-’","brother | sister"
"n.e.-b.a.-’","community image"
"E:U:U:.","interrogation?"
"wa.f.-","cultivate one’s physical energy"
"wa.b.-","express oneself through acts"
"b.o.-t.o.-’","promise"
"i.e.-","take"
"t.o.-n.o.-’","calendar"
"t.a.-l.a.-f.o.-’","archivist"
"M:M:.-S:.A:.-’","abstract south"
"d.o.-m.o.-s.u.-’","intuitive"
"l.i.-t.i.-’","closure | bag"
"f.-S:.A:.-’","sweet"
"b.a.-b.a.-’","literature"
"E:S:.O:M:.-","future tense"
"s.o.-","concern for thought"
"A:","actual"
"s.-U:.A:.-S:.A:.-’","concept: existence"
"k.u.-l.u.-’","relic | mortal remains"
"g.i.-","tactical mobility improvement"
"E:S:.x.-","part"
"n.u.-n.u.-d.u.-’","unknown"
"M:M:.-B:.U:.-’","abstract east"
"k.a.-","chief"
"E:A:.f.-","behind"
"we.U:.-","make silence | insulate from sound"
"E:O:.j.-","manner of resemblance (virtual)"
"f.o.-b.o.-s.u.-’","played"
"i.A:.-","throw"
"E:A:S:.","a few | quantitative less"
"h.g.-","new communication form"
"wa.s.-","have concern for action"
"j.c.-","learning transformation"
"E:U:.p.-","indefinite | a | some"
"p.u.-","taking into account of the context"
"B:","being"
"m.e.-t.a.-’","strength of personal ties"
"t.i.-s.i.-t.u.-’","in transit"
"wu.e.-","assess competences"
"j.t.-","archaism"
"a.U:.-","digest | assimilate"
"e.m.-","threaten"
"u.u.-we.h.-’","bring consistency"
"m.o.-t.o.-s.u.-’","loyal"
"E:T:.e.-","could"
"b.e.-d.u.-’","research object"
"s.u.-m.u.-d.u.-’","dream-like"
"wo.d.-","meditate on alternative truths"
"b.u.-t.u.-d.u.-’","programmed"
"E:O:U:.","logical may"
"s.i.-f.i.-’","nervous system | immune system"
"d.e.-t.i.-wa.e.-’","maintenance"
"t.i.-d.i.-’","clock"
"n.y.-","knowledge of principles"
"wa.O:M:.-","master work activity"
"k.e.-b.a.-wa.e.-’","speaking sincerely"
"h.x.-","new application | new candidacy"
"c.wu.-","bodily transformation"
"f.u.-m.u.-d.u.-’","sentimental"
"t.u.-k.u.-d.u.-’","scriptural"
"wa.wo.-","wake up"
"k.a.-t.a.-f.o.-’","secretary"
"wa.T:.-","display movement | drive | dance"
"d.o.-","truth value"
"O:O:.a.-","work on commitment"
"E:U:.M:O:.-","negative manner"
"d.e.-f.i.-wa.e.-’","surgery | body care"
"b.i.-t.i.-t.u.-’","information medium"
"a.h.-","defend an interpretation"
"s.o.-b.o.-s.u.-’","inspired"
"o.e.-we.h.-’","educate"
"E:A:B:.","medium quantity | quantitative as much"
"u.we.-","give mutual support / help family"
"E:B:.d.-","in closed (space)"
"s.i.-f.i.-t.u.-’","recognized"
"k.-B:.A:.-’","low-pitched"
"y.t.-","forget"
"n.h.-","acculturation"
"d.wo.-","intellectual constraint"
"a.u.-","keep one’s word"
"s.-O:.O:.-B:.O:.-’","judgement"
"d.i.-b.i.-t.u.-’","digital"
"n.u.-m.u.-’","imitation"
"E:S:M:.","time distribution"
"c.d.-","hypocrisy | deception"
"s.a.-n.a.-f.o.-’","precursor"
"d.u.-s.u.-’","map"
"o.f.-","inflict suffering"
"E:","emptiness | silence | illusion | fiction"
"k.u.-s.u.-d.u.-’","symmetrical"
"m.i.-k.i.-’","piece of a game"
"d.-B:.A:.-’","smooth"
"k.u.-l.u.-d.u.-’","tomb | mausoleum"
"T:M:.","becoming of the thing"
"b.e.-k.u.-’","intellectual appropriation"
"f.a.-f.a.-f.o.-’","farmer"
"g.O:M:.-","actualizing expressive process (actual)"
"M:O:.l.-","obstacle in space"
"S:O:.","sign in mutation"
"d.i.-m.i.-’","award | medal"
"F:","fullness | non-fiction"
"O:O:.O:M:.-","work"
"m.a.-b.a.-f.o.-’","player"
"g.we.-","context variation"
"m.j.-","expression | poetic awakening of emotion"
"k.i.-l.i.-t.u.-’","built"
"O:M:.i.-","perform in concrete things"
"wo.wo.-","be initiated"
"f.e.-k.i.-wa.e.-’","team sports"
"E:O:.T:O:.-","manner of existence"
"p.M:M:.-","economic obstacle"
"m.i.-d.i.-’","target"
"l.a.-s.a.-’","management"
"E:S:.wa.-","us"
"E:B:.u.-","express (now)"
"y.c.-","examine one’s obstacles"
"l.a.-l.a.-’","war"
"t.u.-d.u.-d.u.-’","indexed"
"f.i.-b.i.-’","drug | medecine"
"d.i.-f.i.-’","sensory organ"
"n.u.-f.u.-’","color"
"l.e.-k.i.-wa.e.-’","elaborating commercial strategies"
"E:S:.k.-","channel"
"M:M:.c.-","political creation-innovation cycle"
"x.e.-","exercise of power"
"t.i.-k.i.-’","capital"
"E:O:.M:O:.-","how (manner)"
"j.O:M:.-","actualizing linguistic process (virtual)"
"f.u.-t.u.-d.u.-’","musical score"
"wo.T:.-","control orientation / position in space"
"p.d.-","lack of economic information and training"
"t.e.-t.u.-wa.e.-’","software design"
"E:F:.a.-","promissive mood"
"n.e.-k.a.-’","transparency of actions"
"n.-B:.U:.-’","wood"
"M:O:.wo.-","mutation of the universe of possibilities"
"t.i.-d.i.-t.u.-’","measured time"
"b.a.-m.a.-f.o.-’","lover"
"u.k.-","use jargon"
"T:M:.O:M:.-","basis of thing for human development"
"k.o.-b.o.-’","conversation"
"n.we.-","cultural roots"
"we.k.-","set up social bonds"
"E:A:.s.-","ahead | towards the front"
"k.-M:.O:.-’","sensible polarity"
"n.o.-l.o.-’","cosmos"
"m.o.-n.o.-’","wisdom"
"s.u.-l.u.-’","shadow"
"j.g.-","new question"
"n.u.-t.u.-’","logo"
"n.-S:.A:.-’","fire"
"I:","information in general"
"o.y.-we.h.-’","orient research"
"t.i.-","container"
"d.u.-l.u.-’","clue"
"n.e.-f.a.-wa.e.-’","healing"
"p.wa.-","change of goal"
"k.e.-","self-control (grammar)"
"m.e.-t.a.-wa.e.-’","fidelity"
"wo.O:O:.-","going through the symbolic cycle"
"s.e.-n.u.-’","semantic distinction"
"m.e.-f.a.-’","well-being"
"t.a.-d.a.-f.o.-’","investor"
"n.i.-n.i.-t.u.-’","energy source"
"E:A:O:.","constructive mode"
"m.o.-l.o.-s.u.-’","offered"
"g.m.-","malicious gossip | contempt"
"E:S:.t.-","departure (point)"
"wo.M:O:.-","monitor alternative frameworks"
"E:M:.n.-","relative space intermediary"
"O:O:.n.-","provide resources for action by tuning to the cosmos"
"E:A:.b.-","in front of"
"E:O:.n.-","middle (relative to whole) | center (relative to whole) | during (spatialized time)"
"wa.o.-","stick to principles"
"wu.M:O:.-","assess frameworks"
"h.k.-","betrayal of the spirit / the tradition"
"d.a.-l.a.-’","intelligence"
"we.M:O:.-","unify frameworks"
"d.e.-l.i.-’","public building | public works"
"E:U:.l.-","at the bottom | at the foot"
"o.U:.-","receive"
"t.e.-n.u.-’","literary text"
"i.i.-","manufacture"
"s.u.-f.u.-d.u.-’","perceived"
"O:B:.","act according to being"
"t.u.-s.u.-d.u.-’","printed | engraved"
"o.s.-","have prejudices"
"b.e.-m.u.-wa.e.-’","performing arts culture"
"d.a.-n.a.-’","testimony"
"n.u.-f.u.-d.u.-’","visual"
"d.o.-b.o.-’","description"
"a.o.-we.h.-’","delegate governance"
"wu.U:.-","hear | recognize auditive forms"
"k.i.-f.i.-’","mouth | digestive system"
"wu.i.-","test equipment"
"E:B:M:.","frequency distribution"
"n.u.-","name"
"wo.h.-","question the meaning of the activity"
"o.O:O:.-","use law"
"m.e.-m.a.-wa.e.-’","solicitude"
"m.-B:.U:.-’","desire"
"E:T:.a.-","has committed"
"f.o.-","living body | sentient being"
"l.a.-d.a.-f.o.-’","entrepreneur"
"E:A:.M:M:.-","horizontal axis"
"j.x.-","formalism evolution"
"c.u.-","establishment of relations between interlocutors"
"t.e.-m.u.-wa.e.-’","staging | artistic direction"
"b.j.-","semiotic innovation"
"s.u.-s.u.-’","idea"
"O:S:.","act according to sign"
"m.o.-l.o.-’","generosity"
"b.e.-t.u.-’","logical consistency"
"l.i.-d.i.-’","compass"
"k.i.-t.i.-t.u.-’","stored"
"l.o.-n.o.-’","architecture"
"i.S:.-","lift"
"u.M:O:.-","communicate one’s production"
"a.l.-","transgress"
"d.i.-t.i.-’","meter | gauge"
"d.o.-f.o.-s.u.-’","empirical"
"l.y.-","awareness of limits"
"n.o.-s.o.-’","culture"
"E:F:.wo.-","singular number"
"f.e.-d.i.-wa.e.-’","shooting sports (aiming)"
"b.e.-f.u.-wa.e.-’","musical culture"
"i.wa.-","equip a company / an economic activity"
"E:T:.n.-","inter | between"
"u.wa.-","exhibit products of economic activity"
"E:B:.h.-","operation"
"y.p.-","examine possible subjects"
"a.y.-","to teach"
"E:M:.O:M:.-","tense | time | when"
"m.e.-m.a.-’","reciprocity"
"M:M:.a.-M:M:.a.-f.o.-’","social actors"
"f.a.-n.a.-f.o.-’","social worker"
"M:","representation | nounishness | ternarity"
"k.M:O:.-","social dimension of a creation-innovation cycle"
"l.e.-d.i.-wa.e.-’","metrology"
"o.b.-","misunderstand"
"c.h.-","change of staff"
"f.i.-f.i.-t.u.-’","organic"
"m.o.-s.o.-’","interest"
"M:M:.u.-M:M:.u.-d.u.-’","semiotic qualities"
"s.-A:.U:.-S:.U:.-’","enunciation: illocutory force"
"wo.u.-","follow communication threads"
"l.i.-m.i.-’","furniture"
"we.x.-","harmonize the technical system"
"E:O:.S:M:.-","face | top | before"
"i.i.-we.h.-’","guarantee compatibility"
"O:M:.wu.-","gain in citizen empowerment"
"O:M:.u.-we.h.-’","improve collective intelligence by augmenting communication"
"O:M:.a.-we.h.-’","improve collective intelligence by augmenting the social bond"
"k.u.-t.u.-d.u.-’","premonitory"
"b.u.-m.u.-d.u.-’","song"
"M:O:.h.-","transformation in will"
"i.o.-we.h.-’","create opportunities"
"l.h.-","migration | cultural mixing"
"s.-M:.O:.-’","natural polarity"
"l.o.-n.o.-s.u.-’","spatial"
"g.wa.-","feedback"
"M:M:.x.-","technical creation-innovation cycle"
"b.i.-l.i.-t.u.-’","linked"
"u.x.-","explain one’s work"
"e.d.-","be technically incompetent"
"m.o.-m.o.-s.u.-’","in love"
"O:O:.we.-","wane"
"M:M:.g.-","communication creation-innovation cycle"
"u.O:O:.-","exhibit"
"M:O:.M:O:.-","transformation"
"O:M:.m.-","despise emotions"
"E:U:.y.-","known"
"d.e.-s.i.-’","practical solution"
"E:T:.wu.-","he | him | them (masculine)"
"O:","process | verbishness | bi-polarity"
"E:S:.we.-","I (feminine) | me (feminine) | us (feminine)"
"E:S:.g.-","element"
"s.u.-t.u.-d.u.-’","schematised"
"d.-T:.U:.-’","crisp"
"n.o.-k.o.-s.u.-’","religious"
"E:B:.y.-","know (now)"
"b.u.-l.u.-d.u.-’","cited"
"M:O:.y.-","condition of knowledge"
"x.a.-","coexistence | doing things with others"
"a.u.-we.h.-’","open public space"
"t.e.-f.u.-wa.e.-’","composing music"
"E:A:.o.-","willing"
"e.O:O:.-","control"
"b.i.-m.i.-t.u.-’","bright"
"E:T:O:.","conclusion (then | therefore)"
"u.g.-","deliver a speech"
"l.i.-f.i.-’","muscle | os"
"d.e.-m.i.-wa.e.-’","esthetics | fashion"
"b.wa.-","negotiation | coordination"
"we.g.-","orchestrate the communication"
"s.i.-t.i.-t.u.-’","filtered"
"n.a.-n.a.-f.o.-’","spiritual guide"
"s.-U:.A:.-B:.U:.-’","affect: quality"
"E:U:M:.","quality variation"
"f.u.-f.u.-d.u.-’","illusory"
"s.a.-f.a.-f.o.-’","psychologist"
"n.wa.-","practical wisdom | prudence"
"d.a.-s.a.-’","studies"
"t.u.-","mark"
"s.-A:.A:.-T:.U:.-’","percept: modality"
"wu.n.-","cultivate clarity of meaning"
"s.e.-b.u.-’","cultural openness"
"f.o.-n.o.-’","dance"
"b.i.-l.i.-’","channel | way"
"M:B:.","becoming in the being"
"m.a.-s.a.-’","mediation"
"l.u.-k.u.-d.u.-’","miraculous"
"E:F:.i.-","imperative mood"
"g.a.-","participation to the community’s conversation"
"E:S:.p.-","whole"
"m.o.-s.o.-s.u.-’","interesting"
"e.wu.-","keep watch | organize transparency"
"E:A:.n.-","during"
"E:O:.b.-","top (relative to a part) | front (relative to a part)"
"b.a.-d.a.-’","advertizement"
"k.o.-d.o.-’","honesty"
"t.a.-k.a.-f.o.-’","public servant"
"O:O:.j.-","govern symbolic systems"
"d.o.-n.o.-s.u.-’","known"
"u.b.-","soliloquize"
"m.i.-t.i.-’","security device"
"l.u.-l.u.-’","matter"
"n.a.-f.a.-’","illness"
"l.i.-b.i.-t.u.-’","simulated"
"wa.k.-","act for the sake of society | community"
"d.x.-","rigorous technical procedures | rigorous technical processes"
"l.e.-s.i.-’","compatibility"
"E:U:.h.-","avoiding | turning one’s back on"
"k.a.-l.a.-’","(trade) union"
"E:S:.M:M:.-","orientation in graphs"
"E:T:.m.-","through"
"m.i.-b.i.-t.u.-’","perfumed"
"M:S:.","becoming in the sign"
"O:O:.M:M:.-","provide resources for action"
"E:B:.we.-","you (female)"
"S:","sign"
"l.i.-k.i.-’","terrain | field"
"j.l.-","absence of response / of echo"
"d.g.-","quality of documents | quality of messages"
"n.o.-s.o.-s.u.-’","cultivated"
"s.e.-t.u.-wa.e.-’","counting | calculating"
"b.a.-n.a.-f.o.-’","prosecutor"
"d.o.-l.o.-s.u.-’","ordered"
"c.i.-","fit behavior"
"l.wu.-","freedom of expression"
"E:F:.U:M:.-","declarative mood"
"E:O:.s.-","top (direction) | front (direction)"
"E:O:M:.","quantity / quality variation (adverb)"
"s.e.-f.u.-wa.e.-’","playing music | singing"
"k.j.-","re-created language community"
"d.o.-n.o.-’","science"
"s.-A:.O:.-M:.O:.-’","noetic immanence"
"M:M:.O:M:.-","basis of human development"
"k.a.-f.a.-f.o.-’","provider"
"T:","thing"
"k.u.-k.u.-d.u.-’","sacred"
"f.c.-","election | appointment | personal victory"
"k.a.-s.a.-’","diplomacy"
"O:O:.","generate"
"E:F:A:.","logical necessity (must)"
"n.a.-m.a.-’","man"
"m.u.-f.u.-’","smile"
"M:M:.y.-","intelligence"
"m.a.-l.a.-’","manufacturing"
"i.n.-","provoke an accident"
"s.a.-m.a.-f.o.-’","spouse"
"h.p.-","modification of specifications"
"l.i.-d.i.-t.u.-’","oriented"
"e.e.-","exercise a competence"
"t.-S:.A:.-’","summer"
"U:","virtual"
"wa.M:M:.-","cultivate strength of action"
"E:B:.l.-","at the place | here"
"f.i.-n.i.-t.u.-’","armed"
"b.a.-t.a.-f.o.-’","accountant"
"n.p.-","market evolution"
"wo.i.-","choose equipment"
"we.F:.-","shut off sensorimotricity"
"l.-M:.O:.-’","spatial direction"
"t.e.-s.u.-’","original design"
"t.O:M:.-","memory actualized"
"m.O:M:.-","affect actualized"
"b.a.-l.a.-f.o.-’","carrier"
"o.n.-","be narrow-minded"
"t.o.-s.o.-’","forecast"
"M:M:.A:M:.-","basis of human development into the actual"
"l.a.-s.a.-f.o.-’","manager"
"k.u.-m.u.-d.u.-’","stigmatized"
"n.e.-t.a.-wa.e.-’","establishing a tradition"
"wa.","move"
"we.t.-","manage one’s timetable"
"f.a.-m.a.-f.o.-’","mother"
"k.a.-d.a.-f.o.-’","vendor"
"b.M:O:.-","communication constraints of a creation-innovation cycle"
"E:E:T:.","accusative | direct object"
"a.m.-","give up"
"m.e.-k.a.-’","collective competence"
"b.e.-m.u.-’","cultural scene"
"k.i.-m.i.-’","playing ground"
"s.i.-l.i.-t.u.-’","articulated"
"M:O:.d.-","obstacle in truth deficiency | obstacle in rigor imperfection"
"x.m.-","labour dispute | conflicts at work"
"m.a.-","parent"
"n.u.-m.u.-d.u.-’","imitated"
"y.k.-","ignore relations"
"E:U:A:.","negation"
"t.-B:.U:.-’","spring (season)"
"a.wu.-","lead a political action"
"S:M:.e.-M:M:.u.-wa.e.-’ +  B:M:.e.-M:M:.a.-wa.e.-’  +  T:M:.e.-M:M:.i.-wa.e.-’","competencies"
"E:U:.u.-","expressed"
"E:S:.c.-","operand"
"t.o.-l.o.-’","harmony"
"O:M:.a.-","perform in social relationship"
"h.wu.-","existential discovery"
"d.e.-l.i.-wa.e.-’","mastery of construction"
"t.a.-m.a.-f.o.-’","ancestor"
"E:B:.O:O:.-","second person"
"k.i.-t.i.-’","store | storage"
"M:O:.u.-","condition of enunciation"
"s.i.-d.i.-’","transmitter"
"l.c.-","country | territorial projection of political creation"
"s.a.-n.a.-’","advance"
"p.l.-","illusion of self-sufficiency"
"we.c.-","unify the community"
"l.e.-l.i.-’","space structuring"
"b.u.-d.u.-d.u.-’","partial | incomplete"
"n.i.-k.i.-’","merchandise"
"m.e.-d.a.-’","method of investigation"
"b.e.-f.u.-’","music scene"
"u.s.-","disfigure | deface"
"k.o.-b.o.-s.u.-’","civil"
"l.a.-b.a.-f.o.-’","public relations specialist"
"i.a.-","buy"
"b.a.-n.a.-’","accusation"
"wa.A:.-","display signatures / tracks / footprints"
"t.o.-b.o.-’","narrative"
"h.c.-","change of management"
"o.wu.-","use criminal law"
"k.i.-f.i.-t.u.-’","digested"
"t.e.-l.u.-’","scientific discovery"
"f.x.-","satisfied user"
"o.a.-we.h.-’","assert cultural values"
"we.O:O:.-","going through the reproductive cycle"
"g.e.-","expression of power (order | decree)"
"E:S:.l.-","(point of) arrival"
"we.","react"
"E:U:.d.-","down | downwards"
"E:A:.j.-","by analogy (in a similar manner)"
"E:O:.f.-","low (relative to a part) | behind (relative to a part)"
"n.a.-t.a.-’","trial"
"E:A:.wa.-","our | your | their"
"E:T:T:.","everywhere"
"O:O:.f.-","provide resources for action through the relation to the body"
"l.-T:.U:.-’","spatial zenith"
"f.i.-t.i.-’","fat"
"n.i.-d.i.-’","wheel | lever"
"t.i.-l.i.-t.u.-’","urban"
"n.e.-l.a.-wa.e.-’","protecting a group"
"p.y.-","contemplation of the knowledge object"
"wa.g.-","improve the communication system"
"s.i.-k.i.-’","fertilizer"
"u.a.-we.h.-’","cultivate collective memory"
"d.u.-n.u.-’","deictic"
"E:B:.wa.-","you (plural)"
"wu.wu.-","be mature"
"t.-B:.A:.-’","autumn | fall (season)"
"s.wu.-","analysis of perceptions"
"wu.a.-","discern characters"
"j.p.-","new analysis"
"i.M:M:.-","undermine the technical function"
"E:T:.i.-","should"
"d.u.-b.u.-d.u.-’","advised"
"M:O:.","mutation"
"k.-T:.U:.-’","light (weight)"
"n.e.-d.a.-’","informing the public"
"s.o.-k.o.-s.u.-’","conscious"
"d.a.-k.a.-f.o.-’","inspector"
"a.e.-we.h.-’","cultivate human development"
"c.m.-","harrassment | persecution"
"k.wo.-","school of thought"
"wa.x.-","improve the technical system"
"f.g.-","faithful spokesman | faithful representative"
"t.i.-k.i.-t.u.-’","stocked"
"s.-A:.U:.-T:.A:.-’","project: tactics"
"b.o.-f.o.-’","courage"
"s.u.-d.u.-d.u.-’","located"
"E:M:U:.","inferential may"
"O:M:.O:O:.-","gain empowerment"
"e.i.-","give"
"a.d.-","be superficial"
"h.t.-","forgetfullness"
"l.o.-t.o.-s.u.-’","far"
"k.u.-s.u.-’","mandala"
"s.i.-m.i.-t.u.-’","mechanical"
"M:M:.p.-","economic creation-innovation cycle"
"E:U:.wo.-","this | this one"
"n.M:O:.-","sustainable transformations resulting from a creation-innovation cycle"
"E:B:.p.-","patient"
"k.o.-k.o.-’","peace"
"t.e.-s.u.-wa.e.-’","image creation | graphic design"
"wo.m.-","change emotional patterns"
"o.j.-","choose a mode of expression"
"b.o.-","taste for language"
"b.i.-s.i.-’","atmosphere"
"b.u.-f.u.-d.u.-’","belonging to a literary genre"
"l.p.-","skills network"
"h.O:O:.-","generative meaning change"
"x.M:O:.-","transformation on concrete basis"
"f.i.-m.i.-t.u.-’","sexual"
"b.e.-b.u.-’","cultural exchange"
"b.i.-s.i.-t.u.-’","atmospheric"
"we.p.-","unify partial goals into a common vision"
"b.o.-m.o.-’","beauty"
"n.e.-d.a.-wa.e.-’","releasing the truth"
"x.i.-","manufacturing | execution"
"f.i.-l.i.-t.u.-’","supported"
"y.g.-","consider possible discourses"
"b.e.-s.u.-wa.e.-’","visual refinement"
"y.T:.-","dig | pierce | sculpt"
"c.O:M:.-","actualizing personal process (actual)"
"i.e.-we.h.-’","invest in business"
"s.o.-b.o.-’","inspiration"
"y.wo.-","assume a work’s responsibility"
"b.a.-k.a.-’","political action"
"s.e.-n.u.-wa.e.-’","vocabulary"
"s.a.-l.a.-f.o.-’","innovator"
"O:M:.e.-","perform in abilities"
"t.i.-m.i.-t.u.-’","precious"
"M:M:.i.-M:M:.i.-t.u.-’","technical qualities"
"s.i.-n.i.-t.u.-’","refrigerated"
"k.i.-d.i.-t.u.-’","price"
"s.-A:.U:.-M:.O:.-’","acts level"
"s.-B:.A:.-’","decreasing | diminishing | waning"
"p.h.-","new conception | new plan"
"E:F:.e.-","abilitative mood"
"b.u.-n.u.-’","verb"
"l.u.-s.u.-’","mold"
"a.","be commited"
"u.o.-","adhere (to ideas)"
"k.a.-b.a.-’","show"
"wo.A:.-","control force"
"y.x.-","review possible methods"
"n.i.-n.i.-’","energy"
"O:M:.j.-","work on the medium"
"b.u.-d.u.-’","metonymy | part"
"wu.f.-","immerse oneself in sensations"
"j.s.-","slip of tongue | articulation deficiency"
"k.o.-n.o.-s.u.-’","just"
"O:M:.e.-we.h.-’","improve collective intelligence by augmenting power"
"m.o.-b.o.-’","expression"
"E:T:.d.-","towards"
"k.i.-n.i.-t.u.-’","assembled | manufactured"
"b.","language"
"M:M:.-(O:M:.-+M:O:.-)(E:.-+s.y.-)’","Humanities and social sciences"
"E:M:.b.-","dynamic beginning"
"y.b.-","do not abstract"
"c.we.-","family event"
"x.d.-","execution flaw"
"b.e.-k.u.-wa.e.-’","personal interpretation ability"
"n.-T:.A:.-’","water"
"t.e.-b.u.-’","won-over public"
"b.e.-","reasoning ability (dialectic)"
"c.","personal mutation"
"E:O:.B:O:.-","manner of orientation"
"i.u.-","borrow"
"g.y.-","gathering and categorization of data"
"a.g.-","commit oneself to one’s discourse"
"u.j.-","analyze one’s language"
"d.wa.-","ethical constraint"
"u.O:M:.-we.h.-’","to improve collective intelligence through communication"
"E:T:.u.-","has expressed"
"t.u.-m.u.-d.u.-’","auditive"
"s.-U:.U:.-M:.O:.-’","facts level"
"E:U:.wa.-","these"
"b.a.-m.a.-’","erotism"
"n.i.-t.i.-t.u.-’","consumed"
"s.e.-k.u.-’","reading | writing"
"l.u.-n.u.-’","occurrence | event"
"wa.c.-","renew the community"
"E:B:.c.-","variable"
"t.u.-m.u.-’","sound"
"a.x.-","get involved in one’s work"
"s.o.-s.o.-s.u.-’","intelligent"
"d.","truth"
"m.u.-l.u.-’","memory | recollection"
"E:B:A:.","authority"
"n.a.-d.a.-’","purchase"
"d.a.-b.a.-’","show production"
"m.a.-f.a.-’","help"
"b.i.-k.i.-t.u.-’","monumental"
"t.i.-f.i.-t.u.-’","genetic"
"n.e.-n.a.-wa.e.-’","forging values"
"wo.","reflect"
"k.e.-n.a.-wa.e.-’","self-evaluation"
"k.e.-m.a.-’","affective autonomy"
"m.i.-n.i.-’","cleaning device"
"E:F:.O:M:.-","conjugation"
"d.o.-t.o.-’","learning"
"s.i.-d.i.-t.u.-’","emitted | broadcasted"
"wu.O:M:.-","exert critical judgement"
"we.O:M:.-","renew the activity"
"l.o.-k.o.-’","territory"
"k.o.-m.o.-’","friendship"
"e.","can"
"E:A:.e.-","abling | enabling"
"h.wo.-","conversion"
"we.y.-","rebuild knowledge"
"M:O:.k.-","obstacle in community deficency"
"t.o.-f.o.-s.u.-’","periodical"
"f.u.-k.u.-’","vision"
"wo.wa.-","celebrate"
"s.o.-l.o.-’","proportion"
"l.e.-b.i.-wa.e.-’","computer engineering"
"wa.t.-","take risks"
"l.u.-l.u.-d.u.-’","material"
"f.i.-m.i.-’","sexuality"
"d.i.-k.i.-t.u.-’","monetary"
"E:S:.wo.-","I | me"
"l.M:O:.-","manifestation in space of a creation-innovation cycle"
"m.a.-n.a.-’","cause"
"wo.S:.-","control image (size | color | shape)"
"e.p.-","be at the proper level for a subject"
"O:M:.wa.-","gain in economic power"
"l.a.-t.a.-f.o.-’","cartographer"
"f.","life"
"m.u.-d.u.-’","make-up"
"wo.a.-","find one’s rightful place"
"o.M:O:.-","orient one’s production"
"p.wo.-","shift of interests / of attention"
"E:F:.A:M:.-","performative mood"
"b.u.-n.u.-d.u.-’","acting"
"l.i.-l.i.-t.u.-’","networked"
"E:B:.t.-","far | over there"
"f.a.-m.a.-’","woman"
"n.x.-","transformation of the practical universe"
"E:S:.j.-","set"
"a.O:O:.-","create | initiate"
"s.-U:.U:.-T:.U:.-’","project: conditions"
"n.i.-l.i.-’","glue | joint"
"c.t.-","obsolescence"
"l.e.-m.i.-’","poetic world"
"p.c.-","evolution of the demand"
"g.","document mutation"
"d.M:O:.-","truth of a creation-innovation cycle | exactness & rigor of a creation-innovation cycle"
"b.u.-l.u.-’","quotation"
"O:O:.d.-","provide resources for action through concern for truth"
"M:O:.O:O:.-","generative mutation"
"d.o.-l.o.-’","order"
"M:M:.wo.-","intellectual sources of meaning"
"k.u.-f.u.-d.u.-’","holy"
"we.l.-","increase one’s working capacity"
"t.o.-k.o.-’","tradition"
"d.a.-","researcher"
"y.s.-","neglect intellectual discipline"
"n.g.-","change of public behavior"
"h.","signified mutation"
"a.i.-we.h.-’","organize the work"
"j.f.-","lack of aesthetic sensibility"
"x.u.-","publication | delivery"
"n.O:O:.-","sources of meaning in the relation to the cosmos"
"s.a.-b.a.-’","role"
"o.e.-","specify"
"f.a.-l.a.-f.o.-’","rescuer"
"b.o.-k.o.-s.u.-’","communicated"
"c.c.-","social bond mutation"
"E:M:.s.-","structural beginning"
"u.y.-we.h.-’","specify information"
"i.","do"
"g.l.-","intellectual closedness | intellectual rigidity"
"n.wu.-","creative imagination"
"l.o.-l.o.-s.u.-’","complex"
"y.F:.-","perform a topological act"
"E:A:T:.","a lot, very | quantitative more"
"E:F:.wa.-","plural number"
"m.e.-s.a.-wa.e.-’","understanding others"
"E:O:.m.-","middle (relative to a part) | center (relative to a part)"
"s.u.-k.u.-d.u.-’","visualized"
"m.i.-","toy"
"h.j.-","new choice"
"p.t.-","waste | loss of capital | erosion of capital"
"E:U:.m.-","at same level as"
"s.e.-l.u.-’","nature"
"i.h.-","elaborate an interpretation"
"E:U:.we.-","this (feminine)"
"j.","signifier mutation"
"m.a.-t.a.-’","contract"
"O:M:.n.-","shrink the world"
"s.-A:.A:.-T:.A:.-’","percept: qualia"
"t.y.-","memory management"
"l.e.-l.i.-wa.e.-’","architecture"
"k.u.-","symbol"
"t.e.-n.u.-wa.e.-’","literary writing"
"f.a.-s.a.-’","consultation"
"n.e.-f.a.-’","recovery"
"wu.j.-","assess symbolic systems in use"
"m.a.-d.a.-f.o.-’","partner"
"wu.","perceive"
"we.B:.-","insulate thermally / chemically"
"s.u.-s.u.-d.u.-’","ideal"
"M:M:.-S:.U:.-’","abstract north"
"m.-T:.U:.-’","joy"
"b.i.-m.i.-’","jewel"
"d.o.-d.o.-’","investigation"
"m.u.-f.u.-d.u.-’","pleasant"
"f.e.-s.i.-’","body-mind synchrony"
"n.i.-f.i.-’","hand | foot"
"k.","society"
"f.u.-d.u.-d.u.-’","remarkable"
"b.i.-","medium"
"u.f.-","shun sensations"
"i.y.-","to compute"
"a.k.-","stir up conflict"
"g.M:M:.-","obstacle related to communication"
"s.-U:.A:.-S:.U:.-’","concept: essence"
"d.we.-","technical constraint"
"n.o.-l.o.-s.u.-’","cosmic"
"s.a.-d.a.-f.o.-’","mentor"
"f.o.-l.o.-s.u.-’","organised"
"s.o.-m.o.-’","humor"
"d.o.-f.o.-’","experience"
"g.wo.-","initiation | new name"
"t.u.-s.u.-’","character | typography"
"E:M:M:.","spatiotemporal distribution (adverb)"
"l.wa.-","freedom of movement"
"l.","space"
"l.u.-t.u.-’","quality"
"s.a.-s.a.-f.o.-’","philosopher"
"E:B:.g.-","selection"
"f.e.-d.i.-’","precise gesture"
"wo.we.-","mourn"
"E:M:.T:O:.-","existential cause | existential role"
"l.e.-s.i.-wa.e.-’","interconnecting systems"
"k.O:O:.-","sources of meaning in community"
"b.wo.-","intellectual exchange"
"f.a.-d.a.-’","repair"
"m.","affect"
"we.u.-","update documentation"
"t.u.-n.u.-’","proper name"
"k.o.-f.o.-s.u.-’","collaborative"
"O:O:.m.-","provide resources for action through emotional fluidity"
"O:M:.O:.-","move in relation to center"
"t.a.-f.a.-f.o.-’","pharmacist"
"M:O:.g.-","transformation in expression"
"f.wu.-","brilliance of perceptions"
"y.B:.-","tie | attach"
"E:A:.a.-","committing"
"M:M:.u.-","semiotic function"
"wa.p.-","meet the objectives"
"i.a.-we.h.-’","maintain infrastructure"
"n.","world"
"M:M:.h.-","cultural creation-innovation cycle"
"f.i.-l.i.-’","frame | framework"
"k.-B:.U:.-’","high-pitched"
"s.i.-b.i.-’","multimedia studio"
"wo.e.-","identify competences"
"e.O:M:.-we.h.-’","improve collective intelligence through power"
"e.t.-","offend"
"n.a.-l.a.-’","public order"
"l.a.-f.a.-f.o.-’","ecologist | environmentalist"
"l.i.-t.i.-t.u.-’","closed | packed"
"p.O:M:.-","actualizing referential process (virtual)"
"E:B:.M:M:.-","subjective orientation"
"E:B:.x.-","agent"
"E:S:.f.-","well"
"M:O:.x.-","transformation in concrete things"
"o.","want"
"m.o.-n.o.-s.u.-’","wise"
"c.x.-","change of owner"
"n.a.-b.a.-f.o.-’","journalist"
"f.e.-b.i.-’","grace"
"E:S:A:.","condition"
"l.u.-f.u.-’","grain | texture"
"s.i.-s.i.-t.u.-’","switched on"
"we.h.-","give a meaning to the activity"
"O:M:.we.-","gain in family empowerment"
"n.u.-d.u.-d.u.-’","tagged"
"l.o.-d.o.-s.u.-’","in lign | directed"
"l.x.-","moving | spatial arrangement"
"p.","referent mutation"
"b.a.-k.a.-f.o.-’","activist"
"m.u.-m.u.-’","face"
"m.i.-f.i.-t.u.-’","caressed"
"f.u.-l.u.-’","age"
"s.j.-","poetic project | poetic dimension of a creation-innovation project"
"y.o.-","establish priorities"
"n.c.-","political evolution"
"O:M:.M:M:.-","undermine human development"
"b.-B:.A:.-’","red"
"x.wo.-","transformative chance"
"j.j.-","intellectual mutation"
"s.-A:.U:.-B:.A:.-’","performance: carrying out"
"d.e.-","technical know how (grammar)"
"wa.S:.-","display / broadcast image"
"s.o.-d.o.-s.u.-’","humble"
"c.g.-","confidence renewal"
"o.a.-","lead"
"t.h.-","spiritual heritage"
"t.a.-f.a.-’","pharmacy"
"d.-S:.A:.-’","soft | supple"
"l.o.-l.o.-’","complexity"
"E:T:.we.-","her | she | them (feminine)"
"n.o.-n.o.-’","human being"
"n.e.-t.a.-’","civilization"
"k.h.-","re-created community of spirit"
"t.i.-n.i.-’","heating device"
"k.i.-k.i.-’","economic good"
"b.u.-t.u.-’","instruction"
"e.U:.-","pull"
"t.o.-b.o.-s.u.-’","narrated"
"t.o.-m.o.-s.u.-’","hoped for"
"f.O:M:.-","life actualized"
"wa.wa.-","strive"
"M:M:.u.-M:M:.u.-’","semiotic functions"
"l.u.-s.u.-d.u.-’","casted"
"g.p.-","new deliberation"
"f.a.-","healer"
"l.g.-","message diffusion graph"
"p.p.-","mutation of forces in play"
"n.i.-t.i.-’","fuel"
"m.i.-m.i.-’","fetish"
"m.e.-","negotiation ability (dialectic)"
"h.n.-","opportunism"
"i.l.-","be caught in a trap"
"E:U:.i.-","be done"
"e.c.-","prepare oneself for change"
"E:S:.M:O:.-","specifying cause"
"O:A:.","generate towards the actual"
"a.O:M:.-we.h.-’","to improve collective intelligence through the social bond"
"k.e.-k.a.-’","performance"
"E:T:.l.-","in | inside"
"m.o.-d.o.-s.u.-’","sincere"
"x.l.-","expulsion from housing | habitat destruction"
"E:F:.y.-","indicative mood"
"f.u.-l.u.-d.u.-’","aged"
"n.o.-f.o.-s.u.-’","healthy"
"j.k.-","syntactic mistake | lexical inappropriateness"
"y.j.-","examine possible media"
"s.-O:.O:.-S:.U:.-’","essential reason"
"wu.S:.-","see | recognize visual forms"
"n.i.-f.i.-t.u.-’","taken | possesed"
"B:M:.O:M:.-","basis of being for human development"
"m.-S:.U:.-’","fear"
"s.a.-k.a.-’","parliament"
"O:M:.b.-","misuse language"
"E:M:.j.-","virtual formal cause"
"s.","thought"
"s.-O:.O:.-T:.A:.-’","formal imagination"
"E:S:S:.","never"
"k.i.-","gift"
"t.u.-k.u.-’","scriptures"
"A:M:.","act actually"
"M:M:.i.-M:M:.i.-’","technical functions"
"O:M:.A:.-","move centrifugally"
"y.y.-we.h.-’","clarify knowledge"
"s.-T:.U:.-’","dry"
"h.o.-","acceptance of impulse | liberation"
"i.m.-","use weapons"
"m.a.-l.a.-f.o.-’","blue-collar worker"
"t.","memory"
"j.wo.-","reflection turning point"
"t.i.-f.i.-’","genetic code | DNA"
"a.we.-","create a family"
"l.we.-","economic responsibility"
"M:M:.i.-","technical function"
"m.o.-f.o.-s.u.-’","seductive"
"j.M:M:.-","poetic obstacle"
"u.S:.-","fly | travel through air"
"E:B:.k.-","at the limit of"
"E:M:A:.","inferential must"
"n.a.-l.a.-f.o.-’","police officer"
"e.u.-","deliberate"
"a.p.-","get involved in one’s subject"
"O:M:.s.-","neglect thought"
"b.u.-f.u.-’","literary form | literary genre"
"u.","express"
"x.O:O:.-","generative material change"
"e.F:.-","place / displace objects"
"n.o.-d.o.-s.u.-’","evaluated | assessed"
"E:M:.M:M:.-","where | place according to path orientation (adverb | preposition | conjunction)"
"u.a.-","promise"
"m.a.-n.a.-f.o.-’","volunteer"
"E:A:.m.-","in the middle of"
"c.y.-","obtaining a diploma | obtaining credit for competency"
"f.o.-t.o.-s.u.-’","growing"
"O:O:.i.-","work on equipment"
"l.-B:.A:.-’","spatial west"
"k.o.-s.o.-’","government"
"E:S:B:.","sometimes"
"a.M:O:.-","commit to one’s production"
"e.M:O:.-","master one’s production"
"y.U:.-","fold | wrap"
"d.a.-t.a.-f.o.-’","banker"
"wu.wa.-","be young"
"f.i.-d.i.-’","detector | sensor"
"M:O:.c.-","transformation in the social relationship"
"E:U:O:.","deconstructive mode"
"wa.l.-","increase one’s range of action"
"y.a.-we.h.-’","innovate in social matters"
"f.u.-t.u.-’","musical note"
"d.e.-b.i.-’","augmented communication"
"s.e.-","mastery of codes (grammar)"
"s.-U:.U:.-S:.A:.-’","enunciation: truth value"
"O:O:.S:.-","control visual experience"
"d.j.-","originality | distinct expression"
"E:S:.b.-","source"
"t.c.-","political legacy | political tradition"
"S:M:.O:M:.-","basis of sign for human development"
"f.e.-m.i.-’","taste"
"t.a.-b.a.-f.o.-’","editor | publisher"
"l.O:M:.-","space actualized"
"u.e.-we.h.-’","produce didactic materials"
"i.we.-","equip a household"
"d.u.-f.u.-’","presence"
"f.i.-t.i.-t.u.-’","fed"
"k.e.-t.a.-wa.e.-’","memory training"
"f.-M:.O:.-’","taste"
"d.u.-t.u.-’","hyperlink"
"y.O:M:.-we.h.-’","improve collective intelligence through knowledge"
"l.e.-m.i.-wa.e.-’","artistic competence"
"b.a.-s.a.-’","reading"
"d.O:O:.-","sources of meaning in rigor"
"M:O:.t.-","obstacle in time"
"n.e.-m.a.-wa.e.-’","inspiring harmony"
"c.l.-","exile"
"wa.y.-","master knowledge"
"n.o.-b.o.-s.u.-’","stylish"
"p.k.-","company closing down | breach of contract | bankruptcy"
"b.o.-d.o.-’","clarity"
"E:T:.M:O:.-","realizing cause"
"E:A:.wo.-","my | your | its"
"s.-A:.U:.-S:.A:.-’","enunciation: locutory force"
"b.-T:.U:.-’","white"
"we.d.-","adopt a measurement system"
"x.","material mutation"
"n.o.-f.o.-’","health"
"n.e.-l.a.-’","collective security | collective safety"
"e.h.-","follow a method of interpretation"
"n.u.-k.u.-’","virtue"
"O:O:.wa.-","bloom"
"wu.o.-","question oneself"
"n.o.-","longing for cosmos"
"f.u.-n.u.-d.u.-’","attributed"
"b.i.-d.i.-’","display device"
"m.u.-d.u.-d.u.-’","made-up"
"M:A:.","actual mutation"
"wo.j.-","consider other symbolic systems"
"h.b.-","manipulative language | manipulation"
"y.","know"
"l.a.-n.a.-f.o.-’","defender"
"k.-S:.U:.-’","dark"
"g.d.-","calculation mistake"
"E:O:.S:O:.-","manner of comparison"
"k.i.-b.i.-’","operating system"
"o.m.-","lack empathy"
"E:S:.s.-","origin"
"t.wu.-","connecting thread"
"E:T:.wa.-","them"
"E:E:U:.","attribute of the noun"
"n.u.-b.u.-d.u.-’","proposed"
"l.o.-f.o.-s.u.-’","resident"
"n.u.-s.u.-d.u.-’","total | integral"
"d.u.-l.u.-d.u.-’","suspected"
"E:A:.O:M:.-","active voice"
"wa.we.-","fall asleep"
"E:U:.e.-","able | enabled"
"s.e.-f.u.-’","musical performance"
"x.h.-","new obtention"
"s.o.-d.o.-’","humility"
"s.-A:.A:.-S:.U:.-’","concept: semantic content"
"m.e.-s.a.-’","teachings from others"
"o.we.-","use family law"
"wu.b.-","develop poetic sensitivity"
"j.o.-","unveiling of the unconscious"
"k.a.-n.a.-f.o.-’","jury"
"k.a.-k.a.-’","city | political unit"
"n.a.-f.a.-f.o.-’","physician"
"E:U:B:.","as good"
"E:T:.h.-","machine"
"y.f.-","intoxicate"
"d.o.-t.o.-s.u.-’","learned"
"b.-M:.O:.-’","color"
"k.u.-b.u.-d.u.-’","revealed"
"E:F:.u.-","expressive mood"
"t.a.-s.a.-f.o.-’","translator"
"O:M:.f.-","weaken the body"
"E:M:.f.-","dynamic termination"
"l.u.-d.u.-d.u.-’","sampled"
"s.-U:.A:.-T:.A:.-’","percept: foreground"
"d.u.-n.u.-d.u.-’","contexual"
"t.i.-t.i.-’","recording device"
"c.M:M:.-","socio-political obstacle"
"g.u.-","organization of ideas"
"b.a.-","storyteller"
"a.wa.-","create a company"
"u.n.-","take refuge in anonymity"
"x.y.-","experience | experimentation"
"s.-O:.O:.-B:.U:.-’","qualitative judgement"
"B:O:.","being in mutation"
"a.c.-","accept one’s transformation"
"u.A:.-","go"
"h.s.-","confusion"
"E:T:.y.-","has known"
"i.y.-we.h.-’","provide tools for thought"
"m.e.-n.a.-wa.e.-’","moral judgement"
"s.a.-s.a.-’","symbolic order"
"e.y.-","synthetize"
"a.t.-","imitate | plagiarize"
"l.-S:.A:.-’","spatial south"
"k.i.-s.i.-’","recycling"
"f.-B:.A:.-’","bitter"
"E:B:.o.-","want (now)"
"f.a.-t.a.-f.o.-’","insurance broker"
"k.a.-l.a.-f.o.-’","unionized"
"k.e.-s.a.-’","psychic autonomy"
"b.e.-n.u.-’","literary life"
"g.O:O:.-","generative message change"
"m.i.-b.i.-’","perfume"
"y.M:O:.-","consider possible productions"
"E:A:.i.-","be doing"
"s.a.-b.a.-f.o.-’","actor"
"T:O:.O:M:.-","condition of activity in thing"
"l.o.-t.o.-’","travel"
"n.i.-l.i.-t.u.-’","glued | joint"
"E:M:.S:M:.-","beginning"
"E:T:U:.","by logical necessity"
"E:U:.O:M:.-","passive voice"
"m.i.-n.i.-t.u.-’","cleaned"
"E:O:A:.","logical must"
"O:O:.e.-","work on skills"
"wu.we.-","grow old"
"d.-M:.O:.-’","tactile quality"
"we.m.-","cultivate emotional equilibrium"
"E:U:S:.","worse"
"wa.h.-","deepen the meaning of the activity"
"O:O:.A:.-","control tactile experience"
"wa.d.-","experiment"
"s.e.-t.u.-’","arithmetic operation"
"l.a.-d.a.-’","company | business"
"m.u.-b.u.-d.u.-’","bewitched"
"n.u.-n.u.-’","question"
"a.S:.-","breathe"
"e.l.-","undertake an impractical course of action"
"h.M:O:.-","transformation on will basis"
"s.a.-","interpreter"
"b.e.-l.u.-wa.e.-’","scientific culture"
"f.j.-","aesthetic vibration between people | aesthetic connection between people"
"e.e.-we.h.-’","solve problems"
"m.e.-b.a.-’","dialogue"
"s.i.-m.i.-’","robot | mechanism"
"s.O:M:.-","thought actualized"
"i.O:M:.-","perform on a concrete basis"
"M:O:.p.-","transformation in ability"
"l.e.-d.i.-’","coordinate system"
"s.-U:.U:.-B:.A:.-’","performance: felicity"
"p.g.-","new judgement"
"we.wo.-","be born"
"l.a.-l.a.-f.o.-’","warrior"
"n.o.-t.o.-’","progress"
"c.p.-","evolution of the offer"
"wa.u.-","find / show information"
"d.e.-k.i.-wa.e.-’","commercial know-how"
"m.wo.-","appeal of the unknown"
"k.e.-d.a.-wa.e.-’","acknowledging the facts"
"n.e.-s.a.-wa.e.-’","giving meaning to a group"
"d.i.-d.i.-’","quantitative data"
"t.i.-b.i.-t.u.-’","informative"
"i.d.-","break down mechanism | wreck"
"m.a.-k.a.-’","neighbour"
"d.e.-m.i.-’","body code | dress code"
"s.-U:.O:.-M:.O:.-’","noetic transcendance"
"f.u.-f.u.-’","illusion"
"l.u.-b.u.-d.u.-’","transcribed"
"we.T:.-","lay down foundations | create an unmovable base | insulate from movement"
"t.e.-d.u.-wa.e.-’","information architecture"
"t.p.-","accumulation | gain | benefit"
"l.o.-f.o.-’","dwelling"
"h.f.-","break-up"
"t.a.-l.a.-’","archive"
"wo.n.-","change world representation"
"U:O:.","generate from the virtual"
"E:S:.o.-","will want"
"k.a.-n.a.-’","tribunal"
"o.i.-","make an application"
"m.i.-l.i.-t.u.-’","clothed | covered"
"f.o.-l.o.-’","organisation"
"g.h.-","change of ideas"
"E:U:.a.-","committed"
"l.o.-","space organization"
"E:M:.B:M:.-","intermediary"
"l.i.-l.i.-’","network"
"d.a.-m.a.-’","descendants"
"k.u.-d.u.-d.u.-’","illuminated"
"j.b.-","redundancy"
"p.x.-","exchange"
"wu.s.-","develop intellectual sensitivity"
"l.i.-n.i.-t.u.-’","cut | pierced"
"m.i.-s.i.-’","lure"
